sequence,utc_time,elapsed_seconds,delta_seconds,port,type,channel_1_based,note,note_name,velocity,control,value,program_1_based,pitch,song,pos,sysex_hex,raw_bytes_hex,message
1,2026-09-12T23:04:28.295+00:00,1.885278,1.885278,Chordcat 0,note_on,2,37,C#2,100,,,,,,,,91 25 64,note_on channel=1 note=37 velocity=100 time=0
2,2026-09-12T23:04:28.295+00:00,1.886123,0.000845,Chordcat 0,note_on,2,54,F#3,100,,,,,,,,91 36 64,note_on channel=1 note=54 velocity=100 time=0
3,2026-09-12T23:04:28.295+00:00,1.8865,0.000377,Chordcat 0,note_on,2,59,B3,100,,,,,,,,91 3B 64,note_on channel=1 note=59 velocity=100 time=0
4,2026-09-12T23:04:28.295+00:00,1.886755,0.000254,Chordcat 0,note_on,2,63,D#4,100,,,,,,,,91 3F 64,note_on channel=1 note=63 velocity=100 time=0
5,2026-09-12T23:04:28.295+00:00,1.887019,0.000264,Chordcat 0,note_on,2,68,G#4,100,,,,,,,,91 44 64,note_on channel=1 note=68 velocity=100 time=0
6,2026-09-12T23:04:29.456+00:00,3.046171,1.159151,Chordcat 0,note_on,2,37,C#2,0,,,,,,,,91 25 00,note_on channel=1 note=37 velocity=0 time=0
7,2026-09-12T23:04:29.456+00:00,3.046902,0.000731,Chordcat 0,note_on,2,54,F#3,0,,,,,,,,91 36 00,note_on channel=1 note=54 velocity=0 time=0
8,2026-09-12T23:04:29.456+00:00,3.047409,0.000507,Chordcat 0,note_on,2,59,B3,0,,,,,,,,91 3B 00,note_on channel=1 note=59 velocity=0 time=0
9,2026-09-12T23:04:29.457+00:00,3.047774,0.000365,Chordcat 0,note_on,2,63,D#4,0,,,,,,,,91 3F 00,note_on channel=1 note=63 velocity=0 time=0
10,2026-09-12T23:04:29.457+00:00,3.048173,0.000399,Chordcat 0,note_on,2,68,G#4,0,,,,,,,,91 44 00,note_on channel=1 note=68 velocity=0 time=0
11,2026-09-12T23:04:36.335+00:00,9.925694,6.877521,Chordcat 0,note_on,2,45,A2,100,,,,,,,,91 2D 64,note_on channel=1 note=45 velocity=100 time=0
12,2026-09-12T23:04:36.335+00:00,9.926183,0.000489,Chordcat 0,note_on,2,55,G3,100,,,,,,,,91 37 64,note_on channel=1 note=55 velocity=100 time=0
13,2026-09-12T23:04:36.335+00:00,9.92656,0.000376,Chordcat 0,note_on,2,60,C4,100,,,,,,,,91 3C 64,note_on channel=1 note=60 velocity=100 time=0
14,2026-09-12T23:04:36.335+00:00,9.926848,0.000289,Chordcat 0,note_on,2,62,D4,100,,,,,,,,91 3E 64,note_on channel=1 note=62 velocity=100 time=0
15,2026-09-12T23:04:36.335+00:00,9.927131,0.000283,Chordcat 0,note_on,2,67,G4,100,,,,,,,,91 43 64,note_on channel=1 note=67 velocity=100 time=0
16,2026-09-12T23:04:36.817+00:00,10.40737,0.480239,Chordcat 0,note_on,2,45,A2,0,,,,,,,,91 2D 00,note_on channel=1 note=45 velocity=0 time=0
17,2026-09-12T23:04:36.817+00:00,10.408106,0.000736,Chordcat 0,note_on,2,55,G3,0,,,,,,,,91 37 00,note_on channel=1 note=55 velocity=0 time=0
18,2026-09-12T23:04:36.817+00:00,10.408894,0.000788,Chordcat 0,note_on,2,60,C4,0,,,,,,,,91 3C 00,note_on channel=1 note=60 velocity=0 time=0
19,2026-09-12T23:04:36.817+00:00,10.409439,0.000546,Chordcat 0,note_on,2,62,D4,0,,,,,,,,91 3E 00,note_on channel=1 note=62 velocity=0 time=0
20,2026-09-12T23:04:36.817+00:00,10.409831,0.000391,Chordcat 0,note_on,2,67,G4,0,,,,,,,,91 43 00,note_on channel=1 note=67 velocity=0 time=0
21,2026-09-12T23:04:38.010+00:00,11.600743,1.190912,Chordcat 0,note_on,2,41,F2,100,,,,,,,,91 29 64,note_on channel=1 note=41 velocity=100 time=0
22,2026-09-12T23:04:38.010+00:00,11.601331,0.000588,Chordcat 0,note_on,2,51,D#3,100,,,,,,,,91 33 64,note_on channel=1 note=51 velocity=100 time=0
23,2026-09-12T23:04:38.011+00:00,11.601738,0.000407,Chordcat 0,note_on,2,56,G#3,100,,,,,,,,91 38 64,note_on channel=1 note=56 velocity=100 time=0
24,2026-09-12T23:04:38.012+00:00,11.602098,0.000359,Chordcat 0,note_on,2,58,A#3,100,,,,,,,,91 3A 64,note_on channel=1 note=58 velocity=100 time=0
25,2026-09-12T23:04:38.012+00:00,11.602466,0.000369,Chordcat 0,note_on,2,63,D#4,100,,,,,,,,91 3F 64,note_on channel=1 note=63 velocity=100 time=0
26,2026-09-12T23:04:38.436+00:00,12.026913,0.424446,Chordcat 0,note_on,2,41,F2,0,,,,,,,,91 29 00,note_on channel=1 note=41 velocity=0 time=0
27,2026-09-12T23:04:38.436+00:00,12.027482,0.000569,Chordcat 0,note_on,2,51,D#3,0,,,,,,,,91 33 00,note_on channel=1 note=51 velocity=0 time=0
28,2026-09-12T23:04:38.436+00:00,12.027769,0.000287,Chordcat 0,note_on,2,56,G#3,0,,,,,,,,91 38 00,note_on channel=1 note=56 velocity=0 time=0
29,2026-09-12T23:04:38.436+00:00,12.028248,0.000479,Chordcat 0,note_on,2,58,A#3,0,,,,,,,,91 3A 00,note_on channel=1 note=58 velocity=0 time=0
30,2026-09-12T23:04:38.436+00:00,12.028747,0.000498,Chordcat 0,note_on,2,63,D#4,0,,,,,,,,91 3F 00,note_on channel=1 note=63 velocity=0 time=0
31,2026-09-12T23:04:39.566+00:00,13.156118,1.127371,Chordcat 0,note_on,2,41,F2,100,,,,,,,,91 29 64,note_on channel=1 note=41 velocity=100 time=0
32,2026-09-12T23:04:39.566+00:00,13.156552,0.000434,Chordcat 0,note_on,2,51,D#3,100,,,,,,,,91 33 64,note_on channel=1 note=51 velocity=100 time=0
33,2026-09-12T23:04:39.566+00:00,13.156961,0.000409,Chordcat 0,note_on,2,56,G#3,100,,,,,,,,91 38 64,note_on channel=1 note=56 velocity=100 time=0
34,2026-09-12T23:04:39.566+00:00,13.157408,0.000446,Chordcat 0,note_on,2,59,B3,100,,,,,,,,91 3B 64,note_on channel=1 note=59 velocity=100 time=0
35,2026-09-12T23:04:39.566+00:00,13.15762,0.000213,Chordcat 0,note_on,2,63,D#4,100,,,,,,,,91 3F 64,note_on channel=1 note=63 velocity=100 time=0
36,2026-09-12T23:04:40.053+00:00,13.644078,0.486458,Chordcat 0,note_on,2,41,F2,0,,,,,,,,91 29 00,note_on channel=1 note=41 velocity=0 time=0
37,2026-09-12T23:04:40.054+00:00,13.644816,0.000738,Chordcat 0,note_on,2,51,D#3,0,,,,,,,,91 33 00,note_on channel=1 note=51 velocity=0 time=0
38,2026-09-12T23:04:40.054+00:00,13.645194,0.000378,Chordcat 0,note_on,2,56,G#3,0,,,,,,,,91 38 00,note_on channel=1 note=56 velocity=0 time=0
39,2026-09-12T23:04:40.054+00:00,13.645552,0.000358,Chordcat 0,note_on,2,59,B3,0,,,,,,,,91 3B 00,note_on channel=1 note=59 velocity=0 time=0
40,2026-09-12T23:04:40.054+00:00,13.645821,0.000269,Chordcat 0,note_on,2,63,D#4,0,,,,,,,,91 3F 00,note_on channel=1 note=63 velocity=0 time=0
41,2026-09-12T23:04:41.019+00:00,14.609317,0.963496,Chordcat 0,note_on,2,49,C#3,100,,,,,,,,91 31 64,note_on channel=1 note=49 velocity=100 time=0
42,2026-09-12T23:04:41.019+00:00,14.609967,0.00065,Chordcat 0,note_on,2,54,F#3,100,,,,,,,,91 36 64,note_on channel=1 note=54 velocity=100 time=0
43,2026-09-12T23:04:41.019+00:00,14.61038,0.000413,Chordcat 0,note_on,2,59,B3,100,,,,,,,,91 3B 64,note_on channel=1 note=59 velocity=100 time=0
44,2026-09-12T23:04:41.019+00:00,14.610669,0.000289,Chordcat 0,note_on,2,68,G#4,100,,,,,,,,91 44 64,note_on channel=1 note=68 velocity=100 time=0
45,2026-09-12T23:04:41.073+00:00,14.663173,0.052504,Chordcat 0,note_on,2,49,C#3,0,,,,,,,,91 31 00,note_on channel=1 note=49 velocity=0 time=0
46,2026-09-12T23:04:41.073+00:00,14.663764,0.000591,Chordcat 0,note_on,2,54,F#3,0,,,,,,,,91 36 00,note_on channel=1 note=54 velocity=0 time=0
47,2026-09-12T23:04:41.073+00:00,14.664193,0.00043,Chordcat 0,note_on,2,59,B3,0,,,,,,,,91 3B 00,note_on channel=1 note=59 velocity=0 time=0
48,2026-09-12T23:04:41.074+00:00,14.664513,0.000319,Chordcat 0,note_on,2,68,G#4,0,,,,,,,,91 44 00,note_on channel=1 note=68 velocity=0 time=0
49,2026-09-12T23:04:41.112+00:00,14.703023,0.03851,Chordcat 0,note_on,2,49,C#3,100,,,,,,,,91 31 64,note_on channel=1 note=49 velocity=100 time=0
50,2026-09-12T23:04:41.112+00:00,14.703379,0.000356,Chordcat 0,note_on,2,54,F#3,100,,,,,,,,91 36 64,note_on channel=1 note=54 velocity=100 time=0
51,2026-09-12T23:04:41.112+00:00,14.703667,0.000288,Chordcat 0,note_on,2,59,B3,100,,,,,,,,91 3B 64,note_on channel=1 note=59 velocity=100 time=0
52,2026-09-12T23:04:41.112+00:00,14.703852,0.000186,Chordcat 0,note_on,2,68,G#4,100,,,,,,,,91 44 64,note_on channel=1 note=68 velocity=100 time=0
53,2026-09-12T23:04:41.446+00:00,15.037051,0.333199,Chordcat 0,note_on,2,49,C#3,0,,,,,,,,91 31 00,note_on channel=1 note=49 velocity=0 time=0
54,2026-09-12T23:04:41.446+00:00,15.037564,0.000512,Chordcat 0,note_on,2,54,F#3,0,,,,,,,,91 36 00,note_on channel=1 note=54 velocity=0 time=0
55,2026-09-12T23:04:41.446+00:00,15.037844,0.000281,Chordcat 0,note_on,2,59,B3,0,,,,,,,,91 3B 00,note_on channel=1 note=59 velocity=0 time=0
56,2026-09-12T23:04:41.446+00:00,15.038036,0.000191,Chordcat 0,note_on,2,68,G#4,0,,,,,,,,91 44 00,note_on channel=1 note=68 velocity=0 time=0
57,2026-09-12T23:04:41.928+00:00,15.518251,0.480215,Chordcat 0,note_on,2,47,B2,100,,,,,,,,91 2F 64,note_on channel=1 note=47 velocity=100 time=0
58,2026-09-12T23:04:41.928+00:00,15.51875,0.000499,Chordcat 0,note_on,2,57,A3,100,,,,,,,,91 39 64,note_on channel=1 note=57 velocity=100 time=0
59,2026-09-12T23:04:41.928+00:00,15.518992,0.000241,Chordcat 0,note_on,2,62,D4,100,,,,,,,,91 3E 64,note_on channel=1 note=62 velocity=100 time=0
60,2026-09-12T23:04:41.929+00:00,15.519165,0.000174,Chordcat 0,note_on,2,64,E4,100,,,,,,,,91 40 64,note_on channel=1 note=64 velocity=100 time=0
61,2026-09-12T23:04:41.929+00:00,15.519377,0.000212,Chordcat 0,note_on,2,69,A4,100,,,,,,,,91 45 64,note_on channel=1 note=69 velocity=100 time=0
62,2026-09-12T23:04:41.993+00:00,15.5838,0.064424,Chordcat 0,note_on,2,47,B2,0,,,,,,,,91 2F 00,note_on channel=1 note=47 velocity=0 time=0
63,2026-09-12T23:04:41.993+00:00,15.584183,0.000383,Chordcat 0,note_on,2,57,A3,0,,,,,,,,91 39 00,note_on channel=1 note=57 velocity=0 time=0
64,2026-09-12T23:04:41.993+00:00,15.584505,0.000321,Chordcat 0,note_on,2,62,D4,0,,,,,,,,91 3E 00,note_on channel=1 note=62 velocity=0 time=0
65,2026-09-12T23:04:41.994+00:00,15.58479,0.000285,Chordcat 0,note_on,2,64,E4,0,,,,,,,,91 40 00,note_on channel=1 note=64 velocity=0 time=0
66,2026-09-12T23:04:41.994+00:00,15.585027,0.000237,Chordcat 0,note_on,2,69,A4,0,,,,,,,,91 45 00,note_on channel=1 note=69 velocity=0 time=0
67,2026-09-12T23:04:42.024+00:00,15.614397,0.02937,Chordcat 0,note_on,2,47,B2,100,,,,,,,,91 2F 64,note_on channel=1 note=47 velocity=100 time=0
68,2026-09-12T23:04:42.024+00:00,15.614764,0.000367,Chordcat 0,note_on,2,57,A3,100,,,,,,,,91 39 64,note_on channel=1 note=57 velocity=100 time=0
69,2026-09-12T23:04:42.024+00:00,15.614992,0.000228,Chordcat 0,note_on,2,62,D4,100,,,,,,,,91 3E 64,note_on channel=1 note=62 velocity=100 time=0
70,2026-09-12T23:04:42.024+00:00,15.615325,0.000333,Chordcat 0,note_on,2,64,E4,100,,,,,,,,91 40 64,note_on channel=1 note=64 velocity=100 time=0
71,2026-09-12T23:04:42.024+00:00,15.615561,0.000237,Chordcat 0,note_on,2,69,A4,100,,,,,,,,91 45 64,note_on channel=1 note=69 velocity=100 time=0
72,2026-09-12T23:04:42.497+00:00,16.087242,0.471681,Chordcat 0,note_on,2,47,B2,0,,,,,,,,91 2F 00,note_on channel=1 note=47 velocity=0 time=0
73,2026-09-12T23:04:42.497+00:00,16.087913,0.000671,Chordcat 0,note_on,2,57,A3,0,,,,,,,,91 39 00,note_on channel=1 note=57 velocity=0 time=0
74,2026-09-12T23:04:42.497+00:00,16.088387,0.000474,Chordcat 0,note_on,2,62,D4,0,,,,,,,,91 3E 00,note_on channel=1 note=62 velocity=0 time=0
75,2026-09-12T23:04:42.497+00:00,16.088728,0.00034,Chordcat 0,note_on,2,64,E4,0,,,,,,,,91 40 00,note_on channel=1 note=64 velocity=0 time=0
76,2026-09-12T23:04:42.497+00:00,16.089142,0.000414,Chordcat 0,note_on,2,69,A4,0,,,,,,,,91 45 00,note_on channel=1 note=69 velocity=0 time=0
